"Reads","Writes"
"5","21"
"11","21"
"5","21"
"12","21"
"9","21"
"8","21"
"7","21"
"4","21"
"7","21"
"5","21"
"3","21"
"9","21"
"5","21"
"6","21"
"4","21"
"4","21"
"7","21"
"4","21"
"7","21"
"6","21"
"12","21"
"11","21"
"4","21"
"9","21"
"12","21"
"6","21"
"9","21"
"9","21"
"5","21"
"7","21"
"15","41"
"7","41"
"7","41"
"11","41"
"15","41"
"6","41"
"8","41"
"12","41"
"17","41"
"16","41"
"21","41"
"6","41"
"20","41"
"14","41"
"13","41"
"8","41"
"16","41"
"18","41"
"16","41"
"4","41"
"21","41"
"21","41"
"4","41"
"22","41"
"15","41"
"18","41"
"17","41"
"3","41"
"20","41"
"20","41"
"27","61"
"26","61"
"21","61"
"3","61"
"16","61"
"11","61"
"31","61"
"14","61"
"9","61"
"6","61"
"12","61"
"11","61"
"17","61"
"5","61"
"18","61"
"29","61"
"11","61"
"14","61"
"8","61"
"5","61"
"9","61"
"3","61"
"15","61"
"12","61"
"21","61"
"10","61"
"24","61"
"22","61"
"3","61"
"23","61"
"12","81"
"4","81"
"11","81"
"11","81"
"19","81"
"19","81"
"22","81"
"6","81"
"32","81"
"29","81"
"34","81"
"31","81"
"27","81"
"9","81"
"28","81"
"17","81"
"35","81"
"11","81"
"14","81"
"30","81"
"16","81"
"4","81"
"6","81"
"12","81"
"37","81"
"39","81"
"42","81"
"20","81"
"24","81"
"39","81"
"9","101"
"4","101"
"11","101"
"42","101"
"32","101"
"42","101"
"31","101"
"52","101"
"11","101"
"32","101"
"26","101"
"51","101"
"18","101"
"30","101"
"36","101"
"41","101"
"27","101"
"37","101"
"40","101"
"28","101"
"19","101"
"17","101"
"30","101"
"5","101"
"47","101"
"9","101"
"10","101"
"21","101"
"19","101"
"52","101"
"10","121"
"31","121"
"6","121"
"6","121"
"3","121"
"13","121"
"53","121"
"49","121"
"18","121"
"41","121"
"54","121"
"12","121"
"13","121"
"21","121"
"62","121"
"6","121"
"27","121"
"7","121"
"47","121"
"12","121"
"12","121"
"18","121"
"7","121"
"4","121"
"61","121"
"52","121"
"10","121"
"54","121"
"34","121"
"49","121"
"68","141"
"58","141"
"38","141"
"9","141"
"67","141"
"42","141"
"34","141"
"69","141"
"58","141"
"46","141"
"13","141"
"41","141"
"28","141"
"50","141"
"49","141"
"30","141"
"40","141"
"34","141"
"11","141"
"6","141"
"36","141"
"70","141"
"27","141"
"60","141"
"24","141"
"31","141"
"8","141"
"32","141"
"54","141"
"58","141"
"62","161"
"80","161"
"75","161"
"71","161"
"4","161"
"28","161"
"52","161"
"75","161"
"23","161"
"33","161"
"51","161"
"11","161"
"78","161"
"38","161"
"26","161"
"42","161"
"63","161"
"81","161"
"21","161"
"64","161"
"26","161"
"69","161"
"31","161"
"44","161"
"75","161"
"12","161"
"27","161"
"75","161"
"60","161"
"58","161"
"18","181"
"86","181"
"61","181"
"37","181"
"24","181"
"70","181"
"9","181"
"74","181"
"17","181"
"62","181"
"54","181"
"29","181"
"67","181"
"3","181"
"50","181"
"30","181"
"41","181"
"8","181"
"30","181"
"20","181"
"49","181"
"40","181"
"87","181"
"58","181"
"45","181"
"61","181"
"87","181"
"35","181"
"88","181"
"20","181"
"6","201"
"48","201"
"29","201"
"34","201"
"94","201"
"11","201"
"73","201"
"101","201"
"4","201"
"92","201"
"96","201"
"22","201"
"39","201"
"61","201"
"42","201"
"82","201"
"42","201"
"83","201"
"59","201"
"11","201"
"34","201"
"43","201"
"53","201"
"23","201"
"55","201"
"83","201"
"60","201"
"36","201"
"58","201"
"20","201"
